<!--
  ~ Licensed to the Apache Software Foundation (ASF) under one
  ~ or more contributor license agreements.  See the NOTICE file
  ~ distributed with this work for additional information
  ~ regarding copyright ownership.  The ASF licenses this file
  ~ to you under the Apache License, Version 2.0 (the
  ~ "License"); you may not use this file except in compliance
  ~ with the License.  You may obtain a copy of the License at
  ~
  ~     http://www.apache.org/licenses/LICENSE-2.0
  ~
  ~ Unless required by applicable law or agreed to in writing, software
  ~ distributed under the License is distributed on an "AS IS" BASIS,
  ~ WITHOUT WARRANTIES OR CONDITIONS OF ANY KIND, either express or implied.
  ~ See the License for the specific language governing permissions and
  ~ limitations under the License.
  -->

<configuration>
    <appender name="file" class="ch.qos.logback.core.FileAppender">
        <file>${log.file}</file>
        <append>false</append>
        <encoder>
            <pattern>%d{yyyy-MM-dd HH:mm:ss.SSS} [%thread] %-5level %logger{60} %X{sourceThread} - %msg%n</pattern>
        </encoder>
    </appender>

    <!-- # This affects logging for both flink-sql-gateway and Flink -->
    <root level="INFO">
        <appender-ref ref="file"/>
    </root>

    <!-- Uncomment this if you want to only change flink-sql-gateway's logging -->
    <!--<logger name="com.ververica.flink.table.gateway" level="INFO">-->
        <!--<appender-ref ref="file"/>-->
    <!--</logger>-->
</configuration>
